[{"model": "apsi_app.AdvertCategory",	"pk": 1,  "fields": { "name": "Motoryzacja"	 		}},
{"model": "apsi_app.AdvertCategory",	"pk": 2,  "fields": { "name": "Nieruchomości"		}},
{"model": "apsi_app.AdvertCategory",	"pk": 3,  "fields": { "name": "Praca"		 		}},
{"model": "apsi_app.AdvertCategory",	"pk": 4,  "fields": { "name": "Dom i Ogród"	 		}},
{"model": "apsi_app.AdvertCategory",	"pk": 5,  "fields": { "name": "Elektronika"	 		}},
{"model": "apsi_app.AdvertCategory",	"pk": 6,  "fields": { "name": "Moda"		 		}},
{"model": "apsi_app.AdvertCategory",	"pk": 7,  "fields": { "name": "Rolnictwo"	 		}},
{"model": "apsi_app.AdvertCategory",	"pk": 8,  "fields": { "name": "Zwierzęta"	 		}},
{"model": "apsi_app.AdvertCategory",	"pk": 9,  "fields": { "name": "Dla Dzieci"		  	}},
{"model": "apsi_app.AdvertCategory",	"pk": 10, "fields": { "name": "Sport i Hobby"	  	}},
{"model": "apsi_app.AdvertCategory",	"pk": 11, "fields": { "name": "Muzyka i Edukacja"	}},
{"model": "apsi_app.AdvertCategory",	"pk": 12, "fields": { "name": "Usługi i Firmy"	  	}},
{"model": "apsi_app.AdvertCategory",	"pk": 13, "fields": { "name": "Ślub i Wesele"	  	}},
{"model": "apsi_app.AdvertCategory",	"pk": 14, "fields": { "name": "Oddam za darmo"	  	}},
{"model": "apsi_app.AdvertCategory",	"pk": 15, "fields": { "name": "Zamienię"		  	}},
{"model": "apsi_app.AdvertCategory",	"pk": 16, "fields": { "name": "Dla ogrodu"		  	}},

{"model": "apsi_app.Country", "pk": 1, "fields": { "name": "Polska"					}},

{"model": "apsi_app.Province", "pk": 1, "fields": { "name": "dolnośląskie",			"country": 1 }},
{"model": "apsi_app.Province", "pk": 2, "fields": { "name": "kujawsko-pomorskie",   "country": 1 }},
{"model": "apsi_app.Province", "pk": 3, "fields": { "name": "lubelskie",            "country": 1 }},
{"model": "apsi_app.Province", "pk": 4, "fields": { "name": "lubuskie",             "country": 1 }},
{"model": "apsi_app.Province", "pk": 5, "fields": { "name": "łódzkie",              "country": 1 }},
{"model": "apsi_app.Province", "pk": 6, "fields": { "name": "małopolskie",          "country": 1 }},
{"model": "apsi_app.Province", "pk": 7, "fields": { "name": "mazowieckie",          "country": 1 }},
{"model": "apsi_app.Province", "pk": 8, "fields": { "name": "opolskie",             "country": 1 }},
{"model": "apsi_app.Province", "pk": 9, "fields": { "name": "podkarpackie",         "country": 1 }},
{"model": "apsi_app.Province", "pk": 10, "fields": { "name": "podlaskie",           "country": 1 }},
{"model": "apsi_app.Province", "pk": 11, "fields": { "name": "pomorskie",           "country": 1 }},
{"model": "apsi_app.Province", "pk": 12, "fields": { "name": "śląskie",             "country": 1 }},
{"model": "apsi_app.Province", "pk": 13, "fields": { "name": "świętokrzyskie",      "country": 1 }},
{"model": "apsi_app.Province", "pk": 14, "fields": { "name": "warmińsko-mazurskie", "country": 1 }},
{"model": "apsi_app.Province", "pk": 15, "fields": { "name": "wielkopolskie",       "country": 1 }},
{"model": "apsi_app.Province", "pk": 16, "fields": { "name": "zachodniopomorskie",  "country": 1 }},

{"model": "apsi_app.City", "pk":  1,   "fields": { "name": "Wrocław",        "province": 1   }},
{"model": "apsi_app.City", "pk":  2,   "fields": { "name": "Toruń",          "province": 2   }},
{"model": "apsi_app.City", "pk":  3,   "fields": { "name": "Lublin",         "province": 3   }},
{"model": "apsi_app.City", "pk":  4,   "fields": { "name": "Zielona Góra",   "province": 4   }},
{"model": "apsi_app.City", "pk":  5,   "fields": { "name": "Łódź",           "province": 5   }},
{"model": "apsi_app.City", "pk":  6,   "fields": { "name": "Kraków",         "province": 6   }},
{"model": "apsi_app.City", "pk":  7,   "fields": { "name": "Warszawa",       "province": 7   }},
{"model": "apsi_app.City", "pk":  8,   "fields": { "name": "Opole",          "province": 8   }},
{"model": "apsi_app.City", "pk":  9,   "fields": { "name": "Rzeszów",        "province": 9   }},
{"model": "apsi_app.City", "pk":  10,  "fields": { "name": "Białystok",      "province": 10  }},
{"model": "apsi_app.City", "pk":  11,  "fields": { "name": "Gdańsk",         "province": 11  }},
{"model": "apsi_app.City", "pk":  12,  "fields": { "name": "Katowice",       "province": 12  }},
{"model": "apsi_app.City", "pk":  13,  "fields": { "name": "Kielce",         "province": 13  }},
{"model": "apsi_app.City", "pk":  14,  "fields": { "name": "Olsztyn",        "province": 14  }},
{"model": "apsi_app.City", "pk":  15,  "fields": { "name": "Poznań",         "province": 15  }},
{"model": "apsi_app.City", "pk":  16,  "fields": { "name": "Szczecin",       "province": 16  }},

{"model": "apsi_app.AdvertStatus",	"pk": 1, "fields": { "name": "Aktywne"		  	}},
{"model": "apsi_app.AdvertStatus",	"pk": 2, "fields": { "name": "Nieaktywne"		}},
{"model": "apsi_app.AdvertStatus",	"pk": 3, "fields": { "name": "Zamknięte"		}},

{"model": "apsi_app.AdvertPromotion",	"pk": 1, "fields": { "name": "Sponsorowany", "description": "Produkt wystawiony przez sponsora strony"		}},
{"model": "apsi_app.AdvertPromotion",	"pk": 2, "fields": { "name": "Reklamowany", "description": "Produkt wystawiony za dodatkową opłatą"	}},
{"model": "apsi_app.AdvertPromotion",	"pk": 3, "fields": { "name": "Zwykły", "description": "Produkt wystawiony bezpłatnie"		}}

]